{
  "galaxy.meteor.com": {
    "env": {
      "ROOT_URL": "http://radgrad-mvp-8.meteorapp.com",
      "MONGO_URL": "mongodb://jgarces:appl3s@ds011321.mlab.com:11321/jgarces_mongodb"
    }
  },

  "cas": {
    "baseUrl": "https://cas-test.its.hawaii.edu/cas/",
    "autoClose": true
  },

  "public": {
    "cas": {
      "loginUrl": "https://cas-test.its.hawaii.edu/cas/login",
      "serviceParam": "service",
      "popupWidth": 810,
      "popupHeight": 610
    },
    "CLOUDINARY_API_KEY": "461774631211362",
    "CLOUDINARY_CLOUD_NAME": "dpitlfrjy"
  },


  "CLOUDINARY_API_SECRET": "zBqhGrAUCrjvQuwP0BxQ0NGbSgk",

  "allowedUsers": [
    "michael4",
    "jgarces",
    "bjboado",
    "johnson",
    "mkshimod",
    "gyim",
    "skchun",
    "rorya",
    "kayama",
    "aljonp",
    "sy",
    "luong97",
    "khongnaw",
    "micahtas"
  ]
}
